label,alt_text
es-landings,"Stacked bar plot showing total landings rose from the 1940s through the 1990s, decreased in the 2000s, and have since remained low."
es-so,"Spawning output was relatively unfished prior to the 1940s, decreased to the lowest point in the early 2000s, and then increased to the end of the time series."
es-sb,"The estimated fraction unfished was relatively unfished between the start of the model through the 1940s, decreased to the lowest point in the early 2000s below management targets, and then increased to the end of the time series."
status-area-es,"The estimated fraction unfished for both model areas was relatively unfished between the start of the model through the 1940s, decreased to the lowest point in the early 2000s below management targets, and then increased to the end of the time series."
es-recruits,Plot of recruits and uncertainty intervals over time showing increasing recruitment in the early 1980s and 2010s.
es-recdev,Plot of recruitment deviations and uncertainty intervals over time showing increasing recruitment in the early 1980s and 2010s and decreasing recruitment in the 1990s and more recent years.
es-kobe,Phase plot showing population trajectory. Tabular information is available for the values of the fraction unfished and fishing intensity which are related in this figure
data,Tabular information for this figure can be found in the data file.
catch,"Stacked bar plot showing total landings rose from the 1940s through the 1990s, decreased in the 2000s, and have since remained low."
orfs_qqplot,Diagnostic quantile-quantile plot showing residuals followed a normal distribution for the sdmTMB model fit for the Oregon Onboard Observer (ORFS) index.
ORFS_comp,"Plot comparing the estimated Oregon Onboard Observer index used in the 2017 and current assessments, showing that the general trend is the same with some year-to-year differences."
orbs_qq,Diagnostic quantile-quantile plot showing residuals followed a normal distribution for the updated portion of the Oregon recreational (ORBS) index.
ORBS_index,"Plot showing the estimated yearly index and uncertainty for the Oregon Recreational index, showing the difference in scale between the two sampling periods."
ORBS_comp,Plot comparing the estimated Oregon recreational index used in the 2017 assessment estimated with a delta-GLM versus estimated with sdmTMB and the index with a modified structure also estimated with sdmTMB. The largest difference in the point estimates is between the model type used.
wcgbts_qq,Diagnostic quantile-quantile plot showing residuals followed a normal distribution for the West Coast Groundfish Bottom Trawl Survey (WCGBTS) index.
wcgbtsindexcomparison,"Plot comparing the estimated West Coast Groundfish Bottom Trawl Survey index used in the 2017 and current assessments, showing that the general trend is the same with some year-to-year differences."
IPHC_comparison,"Plot comparing the estimated International Pacific Halibut Commission survey index used in the 2017 and current assessments, showing that the general trend is the same with some year-to-year differences."
NWFSC_lencomps,Multi-panel plot showing yearly length composition data for the West Coast Groundfish Bottom Trawl Survey.
IPHC_lencomps,Multi-panel plot showing yearly length composition data for the International Pacific Halibut Commission longline survey.
NWFSC_agecomps1,Muli-panel plot showing yearly age-at-length compositions for the West Coast Groundfish Bottom Trawl Survey (1 of 2).
NWFSC_agecomps2,Muli-panel plot showing yearly age-at-length compositions for the West Coast Groundfish Bottom Trawl Survey (2 of 2).
IPHC_agecomps1,Muli-panel plot showing yearly age-at-length compositions for the International Pacific Halibut Commission survey (1 of 2).
IPHC_agecomps2,Muli-panel plot showing yearly age-at-length compositions for the International Pacific Halibut Commission survey (2 of 2).
LWrel,"Plot of the estimated length-weight relationship for Yelloweye Rockfish, showing an exponential increase of weight at length."
maturity,Plot of the estimated functional maturity at length relationship for Yelloweye Rockfish.
fecundity,"Plot of the estimated fecundity at length relationship for Yelloweye Rockfish, , showing an exponential increase of fecunity at length.."
bridge3-comp2,Figure showing that the trajectory of the spawning output from the 2017 model does not change after updating and extending historical catch.
bridge3-comp4,Figure showing that the trajectory of the spawning output relative to unfished from the 2017 model does not change after updating and extending historical catch.
bridge3-comp18,Figure showing that the trajectory of the adult Yelloweye Rockfish biomass from the 2017 model does not change after updating and extending historical catch.
bridge5-comp2,"Figure showing that the trajectory of the spawning output is simliar with updated and extended catch and indicies, but, in the current model the scale increased slightly in the historical period and decreased slightly in the contemporary period."
bridge14-comp2,"Figure showing that the trajectory of the spawning output is simliar with updated and extended catch, indicies, and compositional data."
bridge14-comp11,Figure showing minor differences in recruitment deviations with the additional of contemporary catch and compositional data and indices.
bridge23-comp2,"Figure showing that the trajectory of the spawning output is simliar with updated and extended data, tuning, and final model adjustments, but the scale increased slightly in the current model."
bridge23-comp4,"Figure showing that the trajectory of the spawning output relative to unfished is simliar with updated and extended data, tuning, and final model adjustments, but the scale increased slightly in the current model."
ss3exe_2,Figure showing that the trajectory from the 2017 assessment is similar when using the newest version of stock synthesis.
growth,Growth curve asymptotes around age 40. See parameter table for growth parameters.
biasadj,"Time series plot showing a period of higher variance (low transformed variance) through the 1940s, followed by a informed recruitment deviations. The bias adjustment used in the model is as recommended."
selex_allfleets,Asymptotic selectivity is estimated for all fleets.
spoutlen,"Plot of estimated spawning output at length, showing an exponential increase of spawning output at length after 40 cm."
SRcurve,"Plot of estimated recuitments by year, with the fitted stock-recruitment curve before and after bias adjustment."
recdevs_err,Plot of recruitment deviations and uncertainty intervals over time showing increasing recruitment in the early 1980s and 2010s and decreasing recruitment in the 1990s and more recent years.
indexfit3,"Model fit to the California MRFSS recreational index of abundance, showing the model fit falls within the bounds of uncertainty except for one year."
indexfit6,"Model fit to the Oregon recreational index of abundance, showing the model fit falls within the bounds of uncertainty except for most years and includes and offset between two sampling periods."
indexfit7,"Model fit to the Washington recreational index of abundance, showing the model fit falls within the bounds of uncertainty except for one year."
indexfit8,"Model fit to the California CPFV observer index of abundance, showing the model fit falls within the bounds of uncertainty."
indexfit9,"Model fit to the Oregon onboard observer index of abundance, showing the model fit falls within the bounds of uncertainty. The index values increase slightly over time."
indexfit10,"Model fit to the Triennial survey index of abundance, howing the model fit falls within the bounds of uncertainty."
indexfit11,Model fit to the WCGBTS survey index. The model fit generally well to the index. The index values increase slightly over time. Data was missing for 2020.
indexfit12,"Model fit to the IPHC survey index. The model fit generally well to the index and is consistant across all  years, however, the model fit does not caputure yearly varriation well."
agglencomps,"A 3 by 4 plot panel showing model fits to the length compostion data aggregated across time and separated by fleet. Length (cm) is on the x-axis, and proportion is on the y-axis. The greyed area under the curve is the length data, and the green line is the model estimates, which fit the data reasonably well."
pearsonlenfit1,There are no clear patters in the residuals in the observed fits.
pearsonlenfit2,There are no clear patters in the residuals in the observed fits.
mean-age-2,"Mean age for the conditional age-at-length California nontrawl fleet is available from 1978 to 1988, and in 2005. Mean age varried widely from 5 to 25 years old. Limited years of data were available."
mean-age-3,"The California recreational fleet had very sporatic conditional ages avialable, some were available for the early 1980s, 1995, and early 2010's. Overall, mean age ranged from 10-50 years old. Limited years of data were available."
mean-age-4,"Mean age for the conditional age-at-length Oregon/Wasington trawl fleet is available from 2000 to 2024. Mean age varried widely from 2000 to 2011 around 5 to 40 years old. Then, from 2012 to 2024, mean age varried closer to 10-20 years old with less variance."
mean-age-5,"Mean age for the conditional age-at-length Oregon/Wasington nontrawl fleet is available from 2001 to 2024. Mean age varried consistently around 25 years old, but with wide error bars around 2011, 2014, and 2020. Also, data was missing for 2016."
mean-age-6,"Mean age for the conditional age-at-length Oregon/Wasington recreational fleet is available from 1980 to 2016, with very sparce data from 1980 to 2009. Mean age before 2009 ranged from 15-30 years. From 2009-2016 mean age varried from 5 to 25, with very wide error bars."
mean-age-7,"Mean age for the conditional age-at-length Wasington recreational fleet is available from 1998 to 2024, with few years of missing data. Mean age varries between 10 and 35 years old. In 2010, mean age jumps to around 50 years old with high varriance."
mean-age-11,"Mean age for the conditional age-at-length WCGBTS survey is available from 2003 to 2024, with data missing in 2020. Mean age varries between 20 and 25 years old until 2015, where the mean age drops to 15-20."
mean-age-12,"Mean age for the conditional age-at-length IPHC survey is available from 2001 to 2024, with data missing in 2020 and 2021. Mean age varries between 30 and 40 years old. However, the model expectation line consistently under estimates mean age across years, potentially due to high varriance in 2016 data."
spout_combined,The combined area spawning output is relatively unfished between the start of the model until the mid 1950s with spawnign output sharply decreasing to low levels by 2000 remaining low until the early 2000s where spawning output begins to increase and reaches the management target of 0.40 by 2024.
spout_area,"Spawning output is relatively unfished between the start of the model until the mid 1950s with spawning output sharply decreasing to low levels by 2000 remaining low until the early 2000s where the spawnig output begins to increase and reaches the management target of 0.40 by 2024. The two areas generally follow the same trend, with Area 1 (California) consistently having a much lower spawning output compared to Area 2 (Oregon and Washington)"
status_combined,The combined area stock status is relatively unfished between the start of the model until the mid 1950s with the stock sharply decreasing to low levels by 2000 remaining low until the early 2000s where the stock begins to increase and reaches the management target of 0.40 by 2024.
status_area,"Stock status is relatively unfished between the start of the model until the mid 1950s with the stock sharply decreasing to low levels by 2000 remaining low until the early 2000s where the stock begins to increase and reaches the management target of 0.40 by 2024. The two areas generally follow the same trend, with Area 1 (California) consistently having a much lower relative stock status compared to Area 2 (Oregon and Washington)"
totalbio,"Total biomass in metric tons by area is relatively unfished between the start of the model through 1950 with the biomass sharply decreasing to low levels by the mid 1990s remaining low, increasing in the early 2000s and to the end of the time series. The two areas generally follow the same trend, with Area 1 (California) consistently having a much lower biomass compared to Area 2 (Oregon and Washington)."
summbio,"Summary biomass in metric tons by area is relatively unfished between the start of the model through 1950 with the biomass sharply decreasing to low levels by the mid 1990s remaining low, increasing in the early 2000s and to the end of the time series. The two areas generally follow the same trend, with Area 1 (California) consistently having a much lower summary biomass compared to Area 2 (Oregon and Washington)."
tsrecuits,"Figure shows the total Age-0 recruites for the current base model. Recruitment generally peaked in the 1950s, 1970s, 1980s, and 2010s."
bridge25-comp4,"Figure comparing the fraction of unfished biomass trajectories for the 2017 and current base models. There is little to no difference between the two time series, and the time series from the current model seems to continue on the same general path that 2017 ended."
bridge25-comp12,"Figure compares the recriutment deviations between the 2017 assessment model and current base model. Recruitment generally peaked in the 1950s, 1970s, 1980s, and 2010s. The recent period (2010-2024) showed higher recriutment in the current model compared to the 2017 model."
full-jitter,"A jitter point plot showing the change in negative log-likelihood of 100 iterations. The majority of iterations fell in line with the base model likelihood (green dots), some (the blue dots) had higher likelihood, but none had a lower likelihood."
sens_model_spout,"Figure comparing spawning output between sensitivity models and the base model when estimating natural mortality, steepness, and using the 2017 length-weight relationship. There is a significant increase in spawning output when the model estimates either natural mortality or steepness."
sens_model_status,"Figure comparing fraction of unfished biomass between sensitivity models and the base model when estimating natural mortality, steepness, and using the 2017 length-weight relationship. There is a significant increase in stock status when the model estimates either natural mortality or steepness."
sens_lengths1_spout,"Figure comparing spawning output between sensitivity models and the base model, and showing few changes as length data are excluded."
sens_lengths2_spout,"Figure comparing spawnig output between sensitivity models and the base model, and showing no changes as length data are excluded. Except, when removing all length data, the spawning output nearly doubles."
sens_lengths1_status,"Figure comparing fraction of unfished biomass between sensitivity models and the base model, and showing no changes as length data are excluded."
sens_lengths2_status,"Figure comparing fraction of unfished biomass between sensitivity models and the base model, and showing no changes as length data are excluded. Except, when removing all length data, the status greatly increases."
sens_age1_spout,"Figure comparing spawning output between sensitivity models and the base model, and showing few changes as more age data are excluded."
sens_age2_spout,"Figure comparing spawning output between sensitivity models and the base model, and showing few changes as more age data are excluded. Removing the IPHC age data slightly reduced spawning output, whereas using the McAllister and Ianelli weighting increased the spawning output."
sens_age1_status,"Figure comparing fraction of unfished biomass between sensitivity models and the base model, and showing few changes as more age data are excluded."
sens_age2_status,"Figure comparing fraction of unfished biomass between sensitivity models and the base model, and showing few changes as more age data are excluded. Removing the IPHC age data slightly reduced overall fraction unfished, whereas using the McAllister and Ianelli weighting increased the fraction of unfished biomass."
sens_indices_spout,"Figure comparing spawning output between sensitivity models and the base model, and showing relatively little changes when removing indices with the exception of excluding all indices and the IPHC index."
sens_indices_status,"Figure comparing fraction of unfished biomass between sensitivity models and the base model, and showing relatively little changes when removing indices with the exception of excluding all indices and the IPHC index."
sens_sum,A summary of the relative changes in management quantities from all sensitivity models with relative change on the x-axis and each data source removed on the y-axis. Plot highlights that the model is most sensitive to removing all length composition data.
sens_sum_no_lengths,"A summary of the relative changes in management quantities from all sensitivity models, except the removal of all length compostion data with relative change on the x-axis and each data source removed on the y-axis. Plot highlights that besides removing all length composition data, the model is most sensitive to estimating steepness and natural mortality."
retro-sp-output,Plot of spawning output with uncertainty intervals over time. As years of data are removed there is no change to overall spawning output.
retro-rel-biomass,Plot of relative biomass with uncertainty intervals over time. As years of data are removed there is no change to overall fraction of unfished biomass.
retro-recruit-dev,Plot of recruitment deviations with uncertainty intervals over time. As years of data are removed there is little change to overall recuritment deviations.
status_assmnts,Time series line plot with years on the x-axis and relative depletion on the y-axis.  Each line shows the change in the base model from the 2001 assessment to the current assessment. Overtime models have remained relatively consistent
natm-piner,"Four panel plot with natural mortality values on the x-axis and change in log-likelihood on the y-axis with panels showing the contribution from each data type in the model. The recruitment, recreational length data, and survey indices are the primarily source of information informing the estimate of natural mortality. There is little information about natural mortality from the age data."
natm-bratio,Time series line plot with year on the x-axis and fraction unfished on the y-axis. The lines represent multiple model runs that assume a range of natural mortality values from 0.030 to 0.060. Any model with a natural mortality less than 0.044 has the fraction of unfished biomass fall below the management target of 0.40.
steep-piner,"Four panel plot with steepness values on the x-axis and change in log-likelihood on the y-axis with panels showing the contribution from each data type in the model. The recruitment and length data are the primarily sources of information informing the estimate of steepness. There is some information about steepness from the survey indices, but little from the age data."
steep-bratio,Time series line plot with year on the x-axis and fraction unfished on the y-axis. The lines represent  multiple model runs that assume a range of steepness values from 0.25 to  1.00. Any model with a steepness less than 0.7 has the fraction of unfished biomass fall below the management target of 0.40.
rzero-piner,Four panel plot with ln(R0) on the x-axis and change in log-likelihood on the y-axis with panels showing the contribution from each data type in the model. The recruitment data is the primarily source of information informing the estimate of log(R0) with index data  supporting higher log(R0). There is little information about log(R0) from the length and age compostion data.
rzero-sp-output,"Time series line plot with year on the x-axis and spawning output on the y-axis. The lines represent  multiple model runs that assume a range of ln(R0) values from 5.0 to 6.0. The lines are stacked with ln(R0) values of 6.0 with the highest spawning output, and ln(R0) of 5.0 with the lowest spawning output."
rzero-parm,"Four panel plot with ln(R0) on the x-axis and values on the y-axis as described in the caption. The likelihood figure reflects a bowl, with the minimum at the estimate of ln(R0). In the other panels, as ln(R0) increases, the spawning output relative to unfished, initial spawning output, and final spawning output all increase as well."
time-spr,"Time series plot showing fishing intensity above the SPR target of 50 percent in many years from 1900 to 1975, then a steep drop below SPR 50% until 2002, and again rises above 50% from 2002 to 2024."
eq-yield,"Yield curve shows equilibrium yield as a domed function of fraction of unfished spawning output, with a peak slightly below 0.3, a maximum sustainable yield around 120t, and a biomass target at 0.4."
